-- phpMyAdmin SQL Dump
-- version 4.9.5
-- https://www.phpmyadmin.net/
--
-- Host: localhost:3306
-- Generation Time: Jun 06, 2021 at 10:00 AM
-- Server version: 10.3.28-MariaDB-log-cll-lve
-- PHP Version: 7.3.27

SET SQL_MODE = "NO_AUTO_VALUE_ON_ZERO";
SET AUTOCOMMIT = 0;
START TRANSACTION;
SET time_zone = "+00:00";


/*!40101 SET @OLD_CHARACTER_SET_CLIENT=@@CHARACTER_SET_CLIENT */;
/*!40101 SET @OLD_CHARACTER_SET_RESULTS=@@CHARACTER_SET_RESULTS */;
/*!40101 SET @OLD_COLLATION_CONNECTION=@@COLLATION_CONNECTION */;
/*!40101 SET NAMES utf8mb4 */;

--
-- Database: `sadegfhp_filling_station`
--

-- --------------------------------------------------------

--
-- Table structure for table `add_diesel`
--

CREATE TABLE `add_diesel` (
  `id` int(10) UNSIGNED NOT NULL,
  `date` date DEFAULT NULL,
  `time` varchar(10) DEFAULT NULL,
  `shift` varchar(25) DEFAULT NULL,
  `prev_stock` varchar(10) DEFAULT NULL,
  `new_stock` varchar(11) DEFAULT NULL,
  `total_stock` varchar(11) DEFAULT NULL,
  `sell_quantity` int(11) DEFAULT NULL,
  `buy_rate` varchar(10) DEFAULT NULL,
  `invest` varchar(10) DEFAULT NULL,
  `sell_rate` varchar(10) DEFAULT NULL,
  `profit` varchar(10) DEFAULT NULL,
  `earn` varchar(10) DEFAULT NULL,
  `manager` int(11) DEFAULT NULL
) ENGINE=MyISAM DEFAULT CHARSET=latin1;

--
-- Dumping data for table `add_diesel`
--

INSERT INTO `add_diesel` (`id`, `date`, `time`, `shift`, `prev_stock`, `new_stock`, `total_stock`, `sell_quantity`, `buy_rate`, `invest`, `sell_rate`, `profit`, `earn`, `manager`) VALUES
(1, '2021-01-01', '20:42', '12:01AM to 12:00PM', '24814', '0', '24814', 3563, '62.51', '222723.13', '65', '8871.87', '231595', 1),
(2, '2021-01-02', '23:17', '12:01AM to 12:00PM', '21248', '0', '24814', 3830, '62.51', '239413.3', '65', '9536.7', '248950', 1),
(3, '2021-01-03', '17:56', '12:01AM to 12:00PM', '17348', '5000', '17348', 4553, '62.51', '284608.03', '65', '11336.97', '295945', 1),
(4, '2021-01-04', '19:06', '12:01AM to 12:00PM', '18045', '5000', '18045', 4577, '62.51', '286108.27', '65', '11396.73', '297505', 1),
(5, '2021-01-05', '18:06', '12:01AM to 12:00PM', '18455', '0', '18455', 3698, '62.51', '231161.98', '65', '9208.02', '240370', 1),
(6, '2021-01-06', '19:07', '12:01AM to 12:00PM', '24716', '0', '24716', 4880, '62.51', '305048.8', '65', '12151.2', '317200', 1),
(7, '2021-01-07', '19:07', '12:01AM to 12:00PM', '19784', '5000', '19784', 4283, '62.51', '267730.33', '65', '10664.67', '278395', 1),
(8, '2021-01-08', '17:05', '12:01AM to 12:00PM', '20495', '0', '20495', 3334, '62.51', '208408.34', '65', '8301.66', '216710', 1),
(9, '2021-01-09', '18:06', '12:01AM to 12:00PM', '17132', '0', '17132', 3370, '62.51', '210658.7', '65', '8391.3', '219050', 1),
(10, '2021-01-10', '17:55', '12:01AM to 12:00PM', '13768', '5000', '13768', 4391, '62.51', '274481.41', '65', '10933.59', '285415', 1),
(11, '2021-01-11', '16:44', '12:01AM to 12:00PM', '14400', '10000', '14400', 5446, '62.51', '340429.46', '65', '13560.54', '353990', 1),
(12, '2021-01-12', '14:22', '12:01AM to 12:00PM', '18848', '5000', '18848', 3730, '62.51', '233162.3', '65', '9287.7', '242450', 1),
(13, '2021-01-13', '16:44', '12:01AM to 12:00PM', '20105', '5000', '20105', 4450, '62.51', '278169.5', '65', '11080.5', '289250', 1),
(14, '2021-01-14', '18:06', '12:01AM to 12:00PM', '20632', '10000', '20632', 4187, '62.51', '261729.37', '65', '10425.63', '272155', 1),
(15, '2021-01-15', '16:44', '12:01AM to 12:00PM', '26496', '0', '26496', 3852, '62.51', '240788.52', '65', '9591.48', '250380', 1),
(38, '2021-01-16', '21:09', '12:01AM to 12:00PM', '22630', '0', '22630', 3406, '62.51', '212909.06', '65', '8480.94', '221390', 1),
(17, '2021-01-17', '18:06', '12:01AM to 12:00PM', '19184', '5000', '19184', 4328, '62.51', '270543.28', '65', '10776.72', '281320', 1),
(18, '2021-01-18', '19:07', '12:01AM to 12:00PM', '19832', '5000', '19832', 4248, '62.51', '265542.48', '65', '10577.52', '276120', 1),
(19, '2021-01-19', '19:07', '12:01AM to 12:00PM', '20585', '10000', '20585', 4240, '62.51', '265042.4', '65', '10557.6', '275600', 1),
(20, '2021-01-20', '18:06', '12:01AM to 12:00PM', '26400', '0', '26400', 3947, '62.51', '246726.97', '65', '9828.03', '256555', 1),
(21, '2021-01-21', '19:07', '12:01AM to 12:00PM', '22400', '5000', '22400', 4031, '62.51', '251977.81', '65', '10037.19', '262015', 1),
(22, '2021-01-22', '16:44', '12:01AM to 12:00PM', '23355', '0', '23355', 3589, '62.51', '224348.39', '65', '8936.61', '233285', 1),
(23, '2021-01-23', '15:33', '12:01AM to 12:00PM', '19719', '0', '19719', 4477, '62.51', '279857.27', '65', '11147.73', '291005', 1),
(24, '2021-01-24', '18:06', '12:01AM to 12:00PM', '15292', '13500', '15292', 3680, '62.51', '230036.8', '65', '9163.2', '239200', 1),
(25, '2021-01-25', '20:08', '12:01AM to 12:00PM', '25140', '0', '25140', 3281, '62.51', '205095.31', '65', '8169.69', '213265', 1),
(26, '2021-01-26', '18:06', '12:01AM to 12:00PM', '21800', '4500', '21800', 4095, '62.51', '255978.45', '65', '10196.55', '266175', 1),
(27, '2021-01-27', '17:55', '12:01AM to 12:00PM', '22245', '0', '22245', 3888, '62.51', '243038.88', '65', '9681.12', '252720', 1),
(28, '2021-01-28', '18:06', '12:01AM to 12:00PM', '18366', '9000', '18366', 3294, '62.51', '205907.94', '65', '8202.06', '214110', 1),
(29, '2021-01-29', '19:07', '12:01AM to 12:00PM', '24028', '0', '24028', 3660, '62.51', '228786.6', '65', '9113.4', '237900', 1),
(30, '2021-01-30', '15:33', '12:01AM to 12:00PM', '20400', '0', '20400', 3562, '62.51', '222660.62', '65', '8869.38', '231530', 1),
(31, '2021-01-31', '16:44', '12:01AM to 12:00PM', '16800', '9000', '16800', 4878, '62.51', '304923.78', '65', '12146.22', '317070', 1),
(32, '2021-02-01', '13:00', '12:01AM to 12:00PM', '20910', '0', '20910', 3470, '62.51', '216909.7', '65', '8640.3', '225550', 1),
(33, '2021-02-02', '19:03', '12:01AM to 12:00PM', '18200', '9000', '18200', 4265, '62.51', '266605.15', '65', '10619.85', '277225', 1),
(34, '2021-02-03', '19:04', '12:01AM to 12:00PM', '22172', '0', '22172', 4340, '62.51', '271293.4', '65', '10806.6', '282100', 1),
(35, '2021-02-04', '19:04', '12:01AM to 12:00PM', '17719', '4500', '17719', 3790, '62.51', '236912.9', '65', '9437.1', '246350', 1),
(36, '2021-02-05', '19:06', '12:01AM to 12:00PM', '18502', '0', '18502', 2314, '62.51', '144648.14', '65', '5761.86', '150410', 1),
(37, '2021-02-06', '19:07', '12:01AM to 12:00PM', '16136', '0', '16136', 4410, '62.51', '275669.1', '65', '10980.9', '286650', 1),
(40, '2021-02-07', '09:01', '12:01AM to 12:00PM', '10115', '9000', '10115', 4921, '62.51', '307611.71', '65', '12253.29', '319865', 1),
(41, '2021-02-08', '09:00', '12:01AM to 12:00PM', '15715', '9000', '15715', 4740, '62.51', '296297.4', '65', '11802.6', '308100', 1),
(42, '2021-02-09', '09:00', '12:01AM to 12:00PM', '20000', '9000', '20000', 4330, '62.51', '270668.3', '65', '10781.7', '281450', 1),
(43, '2021-02-10', '09:00', '12:01AM to 12:00PM', '24674', '0', '24674', 4144, '62.51', '259041.44', '65', '10318.56', '269360', 1),
(44, '2021-02-11', '09:00', '12:01AM to 12:00PM', '20480', '9000', '20480', 4370, '62.51', '273168.7', '65', '10881.3', '284050', 1),
(45, '2021-02-12', '09:00', '12:01AM to 12:00PM', '25126', '0', '25126', 2781, '62.51', '173840.31', '65', '6924.69', '180765', 1),
(46, '2021-02-13', '09:00', '12:01AM to 12:00PM', '22305', '0', '22305', 3445, '62.51', '215346.95', '65', '8578.05', '223925', 1),
(47, '2021-02-14', '09:00', '12:01AM to 12:00PM', '18800', '9000', '18800', 4054, '62.51', '253415.54', '65', '10094.46', '263510', 1),
(48, '2021-02-15', '09:00', '12:01AM to 12:00PM', '23870', '0', '23870', 4251, '62.51', '265730.01', '65', '10584.99', '276315', 1),
(49, '2021-02-16', '09:00', '12:01AM to 12:00PM', '19583', '9000', '19583', 4000, '62.51', '250040', '65', '9960', '260000', 1),
(50, '2021-02-17', '09:00', '12:01AM to 12:00PM', '24570', '0', '24570', 4098, '62.51', '256165.98', '65', '10204.02', '266370', 1),
(51, '2021-02-18', '09:00', '12:01AM to 12:00PM', '20448', '9000', '20488', 4860, '62.51', '303798.6', '65', '12101.4', '315900', 1),
(52, '2021-02-19', '09:00', '12:01AM to 12:00PM', '24600', '0', '24600', 3241, '62.51', '202594.91', '65', '8070.09', '210665', 1),
(55, '2021-02-20', '13:24', '12:01AM to 12:00PM', '21325', '9000', '21325', 3463, '62.51', '216472.13', '65', '8622.87', '225095', 1),
(56, '2021-02-21', '10:14', '12:01AM to 12:00PM', '26896', '0', '26896', 2704, '62.51', '169027.04', '65', '6732.96', '175760', 1),
(57, '2021-02-22', '10:14', '12:01AM to 12:00PM', '24155', '0', '24155', 3928, '62.51', '245539.28', '65', '9780.72', '255320', 1),
(58, '2021-02-23', '10:33', '12:01AM to 12:00PM', '20168', '9000', '20168', 4468, '62.51', '279294.68', '65', '11125.32', '290420', 1),
(59, '2021-02-24', '10:05', '12:01AM to 12:00PM', '24786', '0', '24786', 4016, '62.51', '251040.16', '65', '9999.84', '261040', 1),
(60, '2021-02-25', '16:03', '12:01AM to 12:00PM', '20749', '9000', '20749', 4282, '62.51', '267667.82', '65', '10662.18', '278330', 1),
(61, '2021-02-26', '16:04', '12:01AM to 12:00PM', '25491', '0', '25491', 2065, '62.51', '129083.15', '65', '5141.85', '134225', 1),
(62, '2021-02-27', '11:21', '12:01AM to 12:00PM', '23800', '0', '23800', 4003, '62.51', '250227.53', '65', '9967.47', '260195', 1),
(63, '2021-02-28', '11:03', '12:01AM to 12:00PM', '19248', '9000', '19248', 4062, '62.51', '253915.62', '65', '10114.38', '264030', 1),
(64, '2021-03-01', '12:28', '12:01AM to 12:00PM', '24245', '4500', '24245', 4750, '62.51', '296922.5', '65', '11827.5', '308750', 1),
(65, '2021-03-02', '10:35', '12:01AM to 12:00PM', '23974', '0', '23974', 4486, '62.51', '280419.86', '65', '11170.14', '291590', 1),
(66, '2021-03-03', '10:34', '12:01AM to 12:00PM', '19464', '9000', '19464', 3764, '62.51', '235287.64', '65', '9372.36', '244660', 1),
(67, '2021-03-04', '10:26', '12:01AM to 12:00PM', '24719', '0', '24716', 4917, '62.51', '307361.67', '65', '12243.33', '319605', 1),
(68, '2021-03-05', '10:47', '12:01AM to 12:00PM', '19752', '0', '19752', 2941, '62.51', '183841.91', '65', '7323.09', '191165', 1),
(69, '2021-03-06', '10:29', '12:01AM to 12:00PM', '16848', '9000', '16848', 3087, '62.51', '192968.37', '65', '7686.63', '200655', 1),
(70, '2021-03-07', '10:24', '12:01AM to 12:00PM', '22884', '4500', '22884', 4317, '62.51', '269855.67', '65', '10749.33', '280605', 1),
(71, '2021-03-08', '10:42', '12:01AM to 12:00PM', '22940', '0', '22940', 4442, '62.51', '277669.42', '65', '11060.58', '288730', 1),
(72, '2021-03-09', '10:19', '12:01AM to 12:00PM', '18400', '9000', '18400', 4050, '62.51', '253165.5', '65', '10084.5', '263250', 1),
(73, '2021-03-10', '10:41', '12:01AM to 12:00PM', '23400', '0', '23400', 3755, '62.51', '234725.05', '65', '9349.95', '244075', 1),
(74, '2021-03-11', '10:29', '12:01AM to 12:00PM', '19600', '9000', '19600', 3934, '62.51', '245914.34', '65', '9795.66', '255710', 1),
(75, '2021-03-12', '10:30', '12:01AM to 12:00PM', '24716', '0', '24716', 2976, '62.51', '186029.76', '65', '7410.24', '193440', 1),
(77, '2021-03-13', '10:36', '12:01AM to 12:00PM', '21715', '9000', '21715', 4920, '62.51', '307549.2', '65', '12250.8', '319800', 1),
(78, '2021-03-14', '10:41', '12:01AM to 12:00PM', '25813', '0', '25813', 4800, '62.51', '300048', '65', '11952', '312000', 1),
(79, '2021-03-15', '10:45', '12:01AM to 12:00PM', '20955', '4500', '20955', 4698, '62.51', '293671.98', '65', '11698.02', '305370', 1),
(80, '2021-03-16', '10:46', '12:01AM to 12:00PM', '20783', '0', '20783', 4995, '62.51', '312237.45', '65', '12437.55', '324675', 1),
(81, '2021-03-17', '10:47', '12:01AM to 12:00PM', '15700', '0', '15700', 3390, '62.51', '211908.9', '65', '8441.1', '220350', 1),
(82, '2021-03-18', '10:48', '12:01AM to 12:00PM', '12355', '9000', '12355', 3785, '62.51', '236600.35', '65', '9424.65', '246025', 1),
(83, '2021-03-19', '10:48', '12:01AM to 12:00PM', '17532', '0', '17532', 3804, '62.51', '237788.04', '65', '9471.96', '247260', 1),
(84, '2021-03-20', '10:50', '12:01AM to 12:00PM', '137736', '9000', '137736', 4350, '62.51', '271918.5', '65', '10831.5', '282750', 1),
(85, '2021-03-21', '10:51', '12:01AM to 12:00PM', '18366', '9000', '18366', 4073, '62.51', '254603.23', '65', '10141.77', '264745', 1),
(86, '2021-03-22', '11:16', '12:01AM to 12:00PM', '23326', '0', '23326', 4103, '62.51', '256478.53', '65', '10216.47', '266695', 1),
(87, '2021-03-23', '09:48', '', '19190', '9000', '19184', 3740, '62.51', '233787.4', '65', '9312.6', '243100', 4),
(88, '2021-03-24', '10:05', '12:01AM to 12:00PM', '24484', '0', '24484', 4168, '62.51', '260541.68', '65', '10378.32', '270920', 1),
(89, '2021-03-25', '11:22', '', '20105', '9000', '20105', 4018, '62.51', '251165.18', '65', '10004.82', '261170', 3),
(90, '2021-03-26', '11:23', '', '25296', '0', '25296', 1722, '62.51', '107642.22', '65', '4287.78', '111930', 3),
(91, '2021-03-27', '11:24', '', '23520', '9000', '23520', 3478, '62.51', '217409.78', '65', '8660.22', '226070', 3),
(92, '2021-03-28', '11:25', '', '29096', '0', '29096', 2840, '62.51', '177528.4', '65', '7071.6', '184600', 3),
(93, '2021-03-29', '11:00', '', '26216', '0', '26216', 3264, '62.51', '204032.64', '65', '8127.36', '212160', 3),
(94, '2021-03-30', '11:03', '', '22910', '0', '22910', 3335, '62.51', '208470.85', '65', '8304.15', '216775', 3),
(97, '2021-04-01', '11:09', '', '24556', '9000', '24556', 4813, '62.51', '300860.63', '65', '11984.37', '312845', 2),
(96, '2021-03-31', '17:53', '', '19498', '9000', '19498', 3990, '62.51', '249414.9', '65', '9935.1', '259350', 3),
(98, '2021-04-02', '11:10', '', '28780', '0', '28780', 3608, '62.51', '225536.08', '65', '8983.92', '234520', 2),
(99, '2021-04-03', '18:29', '', '25126', '0', '25126', 3876, '62.51', '242288.76', '65', '9651.24', '251940', 2),
(100, '2021-04-04', '15:46', '', '21168', '9000', '21168', 3996, '62.51', '249789.96', '65', '9950.04', '259740', 2),
(101, '2021-04-05', '10:39', '', '26226', '0', '26226', 4150, '62.51', '259416.5', '65', '10333.5', '269750', 2),
(102, '2021-04-06', '10:40', '', '22030', '4500', '22030', 3012, '62.51', '188280.12', '65', '7499.88', '195780', 2),
(103, '2021-04-07', '10:46', '', '23520', '0', '23520', 3967, '62.51', '247977.17', '65', '9877.83', '257855', 2),
(104, '2021-04-08', '11:10', '', '19498', '4500', '19498', 4172, '62.51', '260791.72', '65', '10388.28', '271180', 2),
(105, '2021-04-09', '11:11', '', '19816', '0', '19816', 3622, '62.51', '226411.22', '65', '9018.78', '235430', 2),
(106, '2021-04-10', '12:09', '', '16168', '0', '16168', 5594, '62.51', '349680.94', '65', '13929.06', '363610', 4),
(107, '2021-04-11', '10:39', '', '10600', '9000', '10600', 5017, '62.51', '313612.67', '65', '12492.33', '326105', 4),
(108, '2021-04-12', '10:05', '', '14510', '9000', '14510', 4767, '62.51', '297985.17', '65', '11869.83', '309855', 4),
(109, '2021-04-13', '11:55', '', '18725', '9000', '18725', 4594, '62.51', '287170.94', '65', '11439.06', '298610', 4),
(110, '2021-04-14', '11:56', '', '23158', '0', '23158', 1980, '62.51', '123769.8', '65', '4930.2', '128700', 4),
(111, '2021-04-15', '11:28', '', '21090', '9000', '21090', 2034, '62.51', '127145.34', '65', '5064.66', '132210', 3),
(112, '2021-04-16', '11:32', '', '28033', '0', '28033', 1483, '62.51', '92702.33', '65', '3692.67', '96395', 3),
(113, '2021-04-17', '11:26', '', '26522', '0', '26522', 2433, '62.51', '152086.83', '65', '6058.17', '158145', 3),
(114, '2021-04-18', '10:46', '', '23961', '0', '23961', 1912, '62.51', '119519.12', '65', '4760.88', '124280', 3),
(115, '2021-04-19', '10:52', '', '21880', '0', '21880', 2192, '62.51', '137021.92', '65', '5458.08', '142480', 3),
(116, '2021-04-20', '11:19', '', '19583', '0', '19583', 2421, '62.51', '151336.71', '65', '6028.29', '157365', 3),
(117, '2021-04-21', '10:35', '', '17149', '9000', '17149', 2277, '62.51', '142335.27', '65', '5669.73', '148005', 3),
(118, '2021-04-22', '10:59', '', '23896', '0', '23896', 2214, '62.51', '138397.14', '65', '5512.86', '143910', 2),
(119, '2021-04-23', '11:00', '', '21648', '0', '21648', 1628, '62.51', '101766.28', '65', '4053.72', '105820', 2),
(120, '2021-04-24', '10:30', '', '19985', '0', '19985', 1604, '62.51', '100266.04', '65', '3993.96', '104260', 2),
(121, '2021-04-25', '11:36', '', '18383', '9000', '18383', 1573, '62.51', '98328.23', '65', '3916.77', '102245', 2),
(122, '2021-04-26', '11:02', '', '27104', '0', '27104', 2376, '62.51', '148523.76', '65', '5916.24', '154440', 2),
(123, '2021-04-27', '10:56', '', '23475', '0', '23475', 2013, '62.51', '125832.63', '65', '5012.37', '130845', 2),
(124, '2021-04-28', '10:57', '', '21400', '0', '21400', 1795, '62.51', '112205.45', '65', '4469.55', '116675', 2),
(125, '2021-04-29', '10:53', '', '19583', '9000', '19583', 2222, '62.51', '138897.22', '65', '5532.78', '144430', 2),
(126, '2021-04-30', '10:54', '', '26800', '0', '26800', 2015, '62.51', '125957.65', '65', '5017.35', '130975', 2),
(127, '2021-05-01', '11:03', '', '24386', '0', '24386', 2230, '62.51', '139397.3', '65', '5552.7', '144950', 4),
(128, '2021-05-02', '11:04', '', '22215', '9000', '22215', 2115, '62.51', '132208.65', '65', '5266.35', '137475', 4),
(129, '2021-05-03', '10:40', '', '29175', '0', '29175', 3065, '62.51', '191593.15', '65', '7631.85', '199225', 4),
(130, '2021-05-04', '10:22', '', '26042', '4500', '26042', 2385, '62.51', '149086.35', '65', '5938.65', '155025', 4),
(131, '2021-05-05', '10:31', '', '28170', '0', '28170', 3352, '62.51', '209533.52', '65', '8346.48', '217880', 4),
(132, '2021-05-06', '10:42', '', '24786', '4500', '24786', 4648, '62.51', '290546.48', '65', '11573.52', '302120', 4),
(133, '2021-05-07', '10:43', '', '24585', '0', '24585', 4785, '62.51', '299110.35', '65', '11914.65', '311025', 3),
(134, '2021-05-08', '11:06', '', '21216', '0', '21216', 3968, '62.51', '248039.68', '65', '9880.32', '257920', 3),
(135, '2021-05-09', '12:40', '', '17217', '9000', '17217', 4635, '62.51', '289733.85', '65', '11541.15', '301275', 3),
(136, '2021-05-10', '11:41', '', '21552', '0', '21552', 2545, '62.51', '159087.95', '65', '6337.05', '165425', 3),
(137, '2021-05-11', '11:45', '', '18983', '4500', '18983', 3253, '62.51', '203345.03', '65', '8099.97', '211445', 3),
(138, '2021-05-12', '11:57', '', '20152', '9000', '20152', 2623, '62.51', '163963.73', '65', '6531.27', '170495', 3),
(139, '2021-05-13', '10:22', '12:01AM to 12:00PM', '26500', '0', '26500', 2040, '62.51', '127520.4', '65', '5079.6', '132600', 1),
(140, '2021-05-14', '11:23', '', '24372', '0', '24372', 685, '62.51', '42819.35', '65', '1705.65', '44525', 3),
(141, '2021-05-15', '10:25', '', '23680', '0', '23680', 1191, '62.51', '74449.41', '65', '2965.59', '77415', 2),
(142, '2021-05-16', '10:26', '', '22480', '4500', '22480', 1456, '62.51', '91014.56', '65', '3625.44', '94640', 2),
(143, '2021-05-17', '10:27', '', '25517', '0', '25517', 2340, '62.51', '146273.4', '65', '5826.6', '152100', 2),
(144, '2021-05-18', '11:25', '', '23144', '0', '23144', 2740, '62.51', '171277.4', '65', '6822.6', '178100', 2),
(145, '2021-05-19', '11:26', '', '21045', '0', '21045', 3046, '62.51', '190405.46', '65', '7584.54', '197990', 2),
(146, '2021-05-20', '10:40', '', '17966', '9000', '17966', 2727, '62.51', '170464.77', '65', '6790.23', '177255', 4),
(147, '2021-05-21', '10:41', '', '24260', '0', '24260', 1888, '62.51', '118018.88', '65', '4701.12', '122720', 4),
(148, '2021-05-22', '10:06', '', '22384', '0', '22384', 3150, '62.51', '196906.5', '65', '7843.5', '204750', 4),
(149, '2021-05-23', '11:02', '', '19184', '4500', '19184', 3776, '62.51', '236037.76', '65', '9402.24', '245440', 4),
(150, '2021-05-24', '10:34', '', '19832', '0', '19832', 3437, '62.51', '214846.87', '65', '8558.13', '223405', 4),
(151, '2021-05-25', '10:34', '', '16400', '9000', '16400', 3935, '62.51', '245976.85', '65', '9798.15', '255775', 4),
(152, '2021-05-26', '10:32', '', '21475', '0', '21475', 2978, '62.51', '186154.78', '65', '7415.22', '193570', 4),
(153, '2021-05-27', '13:05', '', '18584', '9000', '18584', 3890, '62.51', '243163.9', '65', '9686.1', '252850', 3),
(154, '2021-05-28', '10:44', '', '25155', '0', '25155', 2440, '62.51', '152524.4', '65', '6075.6', '158600', 3),
(155, '2021-05-29', '10:59', '', '21248', '0', '21248', 3948, '62.51', '246789.48', '65', '9830.52', '256620', 3),
(156, '2021-05-30', '11:00', '', '17302', '9000', '17302', 3603, '62.51', '225223.53', '65', '8971.47', '234195', 3),
(157, '2021-05-31', '10:59', '', '22675', '4500', '22675', 4207, '62.51', '262979.57', '65', '10475.43', '273455', 3),
(158, '2021-06-01', '11:06', '', '22966', '0', '22966', 4124, '62.51', '257791.24', '65', '10268.76', '268060', 3),
(159, '2021-06-02', '10:51', '', '18740', '0', '18740', 4596, '62.51', '287295.96', '65', '11444.04', '298740', 3),
(160, '2021-06-03', '11:56', '', '14162', '9000', '14162', 3760, '62.51', '235037.6', '65', '9362.4', '244400', 2),
(161, '2021-06-04', '11:59', '', '19416', '0', '19416', 3590, '62.51', '224410.9', '65', '8939.1', '233350', 2),
(162, '2021-06-05', '13:21', '', '15755', '0', '15755', 3335, '62.51', '208470.85', '65', '8304.15', '216775', 2);

-- --------------------------------------------------------

--
-- Table structure for table `add_mobil`
--

CREATE TABLE `add_mobil` (
  `id` int(10) UNSIGNED NOT NULL,
  `date` date DEFAULT NULL,
  `time` varchar(10) DEFAULT NULL,
  `shift` varchar(25) DEFAULT NULL,
  `prev_stock` varchar(10) DEFAULT NULL,
  `new_stock` varchar(11) DEFAULT NULL,
  `total_stock` varchar(11) DEFAULT NULL,
  `sell_quantity` int(11) DEFAULT NULL,
  `buy_rate` varchar(10) DEFAULT NULL,
  `invest` varchar(10) DEFAULT NULL,
  `sell_rate` varchar(10) DEFAULT NULL,
  `profit` varchar(10) DEFAULT NULL,
  `earn` varchar(10) DEFAULT NULL,
  `manager` int(11) DEFAULT NULL
) ENGINE=MyISAM DEFAULT CHARSET=latin1;

--
-- Dumping data for table `add_mobil`
--

INSERT INTO `add_mobil` (`id`, `date`, `time`, `shift`, `prev_stock`, `new_stock`, `total_stock`, `sell_quantity`, `buy_rate`, `invest`, `sell_rate`, `profit`, `earn`, `manager`) VALUES
(1, '2021-02-28', '18:34', '12:01AM to 12:00PM', '160', '0', '160', 70, '129', '9100', '200', '4900', '14000', 1),
(3, '2021-03-29', '11:54', '', '90', '200', '95', 95, '168', '15960', '200', '3040', '19000', 3),
(4, '2021-04-30', '10:56', '', '190', '0', '190', 115, '132.50', '15237.5', '200', '7762.5', '23000', 2),
(5, '2021-05-31', '13:18', '', '70', '200', '70', 65, '132.50', '8612.5', '200', '4387.5', '13000', 3);

-- --------------------------------------------------------

--
-- Table structure for table `add_octane`
--

CREATE TABLE `add_octane` (
  `id` int(10) UNSIGNED NOT NULL,
  `date` date DEFAULT NULL,
  `time` varchar(10) DEFAULT NULL,
  `shift` varchar(25) DEFAULT NULL,
  `prev_stock` varchar(10) DEFAULT NULL,
  `new_stock` varchar(11) DEFAULT NULL,
  `total_stock` varchar(11) DEFAULT NULL,
  `sell_quantity` int(11) DEFAULT NULL,
  `buy_rate` varchar(10) DEFAULT NULL,
  `invest` varchar(10) DEFAULT NULL,
  `sell_rate` varchar(10) DEFAULT NULL,
  `profit` varchar(10) DEFAULT NULL,
  `earn` varchar(10) DEFAULT NULL,
  `manager` int(11) DEFAULT NULL
) ENGINE=MyISAM DEFAULT CHARSET=latin1;

--
-- Dumping data for table `add_octane`
--

INSERT INTO `add_octane` (`id`, `date`, `time`, `shift`, `prev_stock`, `new_stock`, `total_stock`, `sell_quantity`, `buy_rate`, `invest`, `sell_rate`, `profit`, `earn`, `manager`) VALUES
(1, '2021-01-01', '20:00', '12:01AM to 12:00PM', '23795', '0', '23795', 2108, '84.46', '178041.68', '89', '9570.32', '187612', 1),
(2, '2021-01-02', '20:11', '12:01AM to 12:00PM', '21672', '0', '21672', 1898, '84.46', '160305.08', '89', '8616.92', '168922', 1),
(3, '2021-01-03', '21:39', '12:01AM to 12:00PM', '19792', '5000', '19792', 2392, '84.46', '202028.32', '89', '10859.68', '212888', 1),
(4, '2021-01-04', '21:45', '12:01AM to 12:00PM', '22420', '5000', '22420', 2370, '84.46', '200170.2', '89', '10759.8', '210930', 1),
(5, '2021-01-05', '21:48', '12:01AM to 12:00PM', '24972', '5000', '24972', 2350, '84.46', '198481', '89', '10669', '209150', 1),
(6, '2021-01-06', '21:52', '12:01AM to 12:00PM', '22653', '5000', '22653', 2368, '84.46', '200001.28', '89', '10750.72', '210752', 1),
(7, '2021-01-07', '21:56', '12:01AM to 12:00PM', '20216', '0', '20216', 2154, '84.46', '181926.84', '89', '9779.16', '191706', 1),
(8, '2021-01-08', '09:58', '12:01AM to 12:00PM', '22701', '0', '22701', 2115, '84.46', '178632.9', '89', '9602.1', '188235', 1),
(9, '2021-01-09', '10:05', '12:01AM to 12:00PM', '20635', '0', '20653', 2246, '84.46', '189697.16', '89', '10196.84', '199894', 1),
(12, '2021-01-11', '10:14', '12:01AM to 12:00PM', '21744', '0', '21744', 2145, '84.46', '181166.7', '89', '9738.3', '190905', 1),
(11, '2021-01-10', '10:11', '12:01AM to 12:00PM', '18373', '5000', '18373', 2467, '84.46', '208362.82', '89', '11200.18', '219563', 1),
(13, '2021-01-12', '22:15', '12:01AM to 12:00PM', '18724', '5000', '18727', 2212, '84.46', '186825.52', '89', '10042.48', '196868', 1),
(14, '2021-01-13', '10:17', '12:01AM to 12:00PM', '21552', '5000', '21552', 2213, '84.46', '186909.98', '89', '10047.02', '196957', 1),
(15, '2021-01-14', '01:56', '12:01AM to 12:00PM', '24304', '0', '24304', 2740, '84.46', '231420.4', '89', '12439.6', '243860', 1),
(16, '2021-01-15', '18:07', '12:01AM to 12:00PM', '21554', '0', '21554', 1704, '84.46', '143919.84', '89', '7736.16', '151656', 1),
(17, '2021-01-16', '16:44', '12:01AM to 12:00PM', '19845', '0', '19845', 2555, '84.46', '215795.3', '89', '11599.7', '227395', 1),
(18, '2021-01-17', '17:55', '12:01AM to 12:00PM', '17312', '5000', '17312', 2100, '84.46', '177366', '89', '9534', '186900', 1),
(19, '2021-01-18', '17:55', '12:01AM to 12:00PM', '19415', '5000', '19415', 2107, '84.46', '177957.22', '89', '9565.78', '187523', 1),
(20, '2021-01-19', '19:07', '12:01AM to 12:00PM', '23073', '0', '23073', 2386, '84.46', '201521.56', '89', '10832.44', '212354', 1),
(21, '2021-01-20', '14:22', '12:01AM to 12:00PM', '20697', '0', '20697', 2190, '84.46', '184967.4', '89', '9942.6', '194910', 1),
(22, '2021-01-21', '12:33', '12:01AM to 12:00PM', '18416', '5000', '18416', 2240, '84.46', '189190.4', '89', '10169.6', '199360', 1),
(23, '2021-01-22', '15:44', '12:01AM to 12:00PM', '21197', '0', '21197', 2094, '84.46', '176859.24', '89', '9506.76', '186366', 1),
(24, '2021-01-23', '15:33', '12:01AM to 12:00PM', '19146', '0', '19146', 2301, '84.46', '194342.46', '89', '10446.54', '204789', 1),
(25, '2021-01-24', '17:55', '12:01AM to 12:00PM', '16824', '0', '16824', 2054, '84.46', '173480.84', '89', '9325.16', '182806', 1),
(26, '2021-01-25', '20:09', '12:01AM to 12:00PM', '14808', '0', '14808', 2298, '84.46', '194089.08', '89', '10432.92', '204522', 1),
(27, '2021-01-26', '18:06', '12:01AM to 12:00PM', '11672', '9000', '11672', 2335, '84.46', '197214.1', '89', '10600.9', '207815', 1),
(28, '2021-01-27', '21:08', '12:01AM to 12:00PM', '19084', '0', '19084', 2326, '84.46', '196453.96', '89', '10560.04', '207014', 1),
(29, '2021-01-28', '21:09', '12:01AM to 12:00PM', '16736', '4500', '16736', 2474, '84.46', '208954.04', '89', '11231.96', '220186', 1),
(30, '2021-01-29', '17:07', '12:01AM to 12:00PM', '18711', '0', '18711', 1834, '84.46', '154899.64', '89', '8326.36', '163226', 1),
(31, '2021-01-30', '18:06', '12:01AM to 12:00PM', '16896', '0', '16896', 2532, '84.46', '213852.72', '89', '11495.28', '225348', 1),
(32, '2021-01-31', '16:06', '12:01AM to 12:00PM', '14325', '4500', '14325', 2150, '84.46', '181589', '89', '9761', '191350', 1),
(33, '2021-02-01', '17:55', '12:01AM to 12:00PM', '16680', '0', '16680', 2170, '84.46', '183278.2', '89', '9851.8', '193130', 1),
(34, '2021-02-02', '19:07', '12:01AM to 12:00PM', '13592', '4500', '13592', 2500, '84.46', '211150', '89', '11350', '222500', 1),
(35, '2021-02-03', '19:07', '12:01AM to 12:00PM', '16494', '0', '16494', 2358, '84.46', '199156.68', '89', '10705.32', '209862', 1),
(36, '2021-02-04', '18:06', '12:01AM to 12:00PM', '14096', '9000', '14096', 2310, '84.46', '195102.6', '89', '10487.4', '205590', 1),
(37, '2021-02-05', '19:07', '12:01AM to 12:00PM', '20645', '0', '20645', 1954, '84.46', '165034.84', '89', '8871.16', '173906', 1),
(38, '2021-02-06', '21:09', '12:01AM to 12:00PM', '18760', '0', '18760', 2243, '84.46', '189443.78', '89', '10183.22', '199627', 1),
(39, '2021-02-07', '09:00', '12:01AM to 12:00PM', '16515', '4500', '16515', 2256, '84.46', '190541.76', '89', '10242.24', '200784', 1),
(40, '2021-02-08', '10:44', '12:01AM to 12:00PM', '18696', '4500', '18696', 2482, '84.46', '209629.72', '89', '11268.28', '220898', 1),
(41, '2021-02-09', '10:46', '12:01AM to 12:00PM', '20699', '4500', '20699', 2381, '84.46', '201099.26', '89', '10809.74', '211909', 1),
(42, '2021-02-10', '10:47', '12:01AM to 12:00PM', '22765', '0', '22765', 2170, '84.46', '183278.2', '89', '9851.8', '193130', 1),
(43, '2021-02-11', '10:49', '12:01AM to 12:00PM', '20552', '4500', '20552', 2442, '84.46', '206251.32', '89', '11086.68', '217338', 1),
(44, '2021-02-12', '10:50', '12:01AM to 12:00PM', '22473', '0', '22473', 1848, '84.46', '156082.08', '89', '8389.92', '164472', 1),
(45, '2021-02-13', '10:51', '12:01AM to 12:00PM', '20652', '0', '20652', 2433, '84.46', '205491.18', '89', '11045.82', '216537', 1),
(46, '2021-02-14', '10:52', '12:01AM to 12:00PM', '18200', '4500', '18200', 2355, '84.46', '198903.3', '89', '10691.7', '209595', 1),
(47, '2021-02-15', '10:53', '12:01AM to 12:00PM', '20736', '0', '20736', 2295, '84.46', '193835.7', '89', '10419.3', '204255', 1),
(48, '2021-02-16', '10:55', '12:01AM to 12:00PM', '18048', '4500', '18048', 2493, '84.46', '210558.78', '89', '11318.22', '221877', 1),
(49, '2021-02-17', '10:56', '12:01AM to 12:00PM', '20056', '0', '20056', 2619, '84.46', '221200.74', '89', '11890.26', '233091', 1),
(50, '2021-02-18', '09:00', '12:01AM to 12:00PM', '17392', '4500', '17392', 2860, '84.46', '241555.6', '89', '12984.4', '254540', 1),
(51, '2021-02-19', '11:13', '12:01AM to 12:00PM', '19023', '0', '19023', 2056, '84.46', '173649.76', '89', '9334.24', '182984', 1),
(52, '2021-02-20', '10:42', '12:01AM to 12:00PM', '16980', '4500', '16980', 2330, '84.46', '196791.8', '89', '10578.2', '207370', 1),
(53, '2021-02-21', '10:03', '12:01AM to 12:00PM', '19088', '0', '19088', 2035, '84.46', '171876.1', '89', '9238.9', '181115', 1),
(54, '2021-02-22', '10:14', '12:01AM to 12:00PM', '17080', '0', '17080', 2100, '84.46', '177366', '89', '9534', '186900', 1),
(55, '2021-02-23', '10:33', '12:01AM to 12:00PM', '14984', '4500', '14984', 2580, '84.46', '217906.8', '89', '11713.2', '229620', 1),
(56, '2021-02-24', '10:05', '12:01AM to 12:00PM', '16823', '0', '16823', 2358, '84.46', '199156.68', '89', '10705.32', '209862', 1),
(57, '2021-02-25', '18:10', '12:01AM to 12:00PM', '14472', '4500', '14472', 2764, '84.46', '233447.44', '89', '12548.56', '245996', 1),
(58, '2021-02-26', '18:11', '12:01AM to 12:00PM', '16184', '0', '16184', 1795, '84.46', '151605.7', '89', '8149.3', '159755', 1),
(59, '2021-02-27', '11:21', '12:01AM to 12:00PM', '14384', '0', '14384', 2448, '84.46', '206758.08', '89', '11113.92', '217872', 1),
(60, '2021-02-28', '11:05', '12:01AM to 12:00PM', '11954', '4500', '11954', 2400, '84.46', '202704', '89', '10896', '213600', 1),
(61, '2021-03-01', '12:29', '12:01AM to 12:00PM', '13984', '9000', '13984', 2453, '84.46', '207180.38', '89', '11136.62', '218317', 1),
(62, '2021-03-02', '10:36', '12:01AM to 12:00PM', '20488', '0', '20488', 2330, '84.46', '196791.8', '89', '10578.2', '207370', 1),
(63, '2021-03-03', '10:35', '12:01AM to 12:00PM', '18192', '4500', '18192', 2423, '84.46', '204646.58', '89', '11000.42', '215647', 1),
(64, '2021-03-04', '10:27', '12:01AM to 12:00PM', '20216', '0', '20216', 2898, '84.46', '244765.08', '89', '13156.92', '257922', 1),
(65, '2021-03-05', '10:50', '12:01AM to 12:00PM', '17332', '0', '17332', 2173, '84.46', '183531.58', '89', '9865.42', '193397', 1),
(66, '2021-03-06', '10:30', '12:01AM to 12:00PM', '15183', '4500', '15183', 2665, '84.46', '225085.9', '89', '12099.1', '237185', 1),
(67, '2021-03-07', '10:25', '12:01AM to 12:00PM', '16960', '9000', '16960', 2635, '84.46', '222552.1', '89', '11962.9', '234515', 1),
(68, '2021-03-08', '10:46', '12:01AM to 12:00PM', '23619', '0', '23619', 2395, '84.46', '202281.7', '89', '10873.3', '213155', 1),
(69, '2021-03-09', '10:19', '12:01AM to 12:00PM', '21171', '4500', '21171', 2810, '84.46', '237332.6', '89', '12757.4', '250090', 1),
(70, '2021-03-10', '10:42', '12:01AM to 12:00PM', '22820', '0', '22820', 2323, '84.46', '196200.58', '89', '10546.42', '206747', 1),
(71, '2021-03-11', '10:31', '12:01AM to 12:00PM', '19700', '4500', '19700', 2695, '84.46', '227619.7', '89', '12235.3', '239855', 1),
(72, '2021-03-12', '10:31', '12:01AM to 12:00PM', '22304', '0', '22304', 2435, '84.46', '205660.1', '89', '11054.9', '216715', 1),
(73, '2021-03-13', '10:27', '12:01AM to 12:00PM', '19832', '4500', '19832', 2240, '84.46', '189190.4', '89', '10169.6', '199360', 1),
(74, '2021-03-14', '10:42', '12:01AM to 12:00PM', '22066', '0', '22066', 2345, '84.46', '198058.7', '89', '10646.3', '208705', 1),
(75, '2021-03-15', '10:52', '12:01AM to 12:00PM', '19724', '9000', '19724', 2602, '84.46', '219764.92', '89', '11813.08', '231578', 1),
(76, '2021-03-16', '10:53', '12:01AM to 12:00PM', '26042', '0', '26042', 2967, '84.46', '250592.82', '89', '13470.18', '264063', 1),
(77, '2021-03-17', '10:54', '12:01AM to 12:00PM', '23056', '0', '23056', 2305, '84.46', '194680.3', '89', '10464.7', '205145', 1),
(78, '2021-03-18', '10:55', '12:01AM to 12:00PM', '20770', '4500', '20770', 2337, '84.46', '197383.02', '89', '10609.98', '207993', 1),
(79, '2021-03-19', '10:57', '12:01AM to 12:00PM', '22872', '0', '22872', 2267, '84.46', '191470.82', '89', '10292.18', '201763', 1),
(80, '2021-03-20', '10:59', '12:01AM to 12:00PM', '20576', '4500', '20575', 2490, '84.46', '210305.4', '89', '11304.6', '221610', 1),
(81, '2021-03-21', '10:59', '12:01AM to 12:00PM', '22573', '4500', '22573', 2622, '84.46', '221454.12', '89', '11903.88', '233358', 1),
(82, '2021-03-22', '11:16', '12:01AM to 12:00PM', '24405', '0', '24405', 2467, '84.46', '208362.82', '89', '11200.18', '219563', 1),
(83, '2021-03-23', '09:51', '', '21936', '4500', '21936', 2837, '84.46', '239613.02', '89', '12879.98', '252493', 4),
(84, '2021-03-24', '10:06', '12:01AM to 12:00PM', '23564', '0', '23564', 2682, '84.46', '226521.72', '89', '12176.28', '238698', 1),
(85, '2021-03-25', '11:30', '', '20912', '4500', '20912', 3007, '84.46', '253971.22', '89', '13651.78', '267623', 3),
(86, '2021-03-26', '11:35', '', '22347', '0', '22347', 2553, '84.46', '215626.38', '89', '11590.62', '227217', 3),
(87, '2021-03-27', '11:36', '', '19712', '4500', '19712', 2196, '84.46', '185474.16', '89', '9969.84', '195444', 3),
(88, '2021-03-28', '11:38', '', '22027', '0', '22027', 2190, '84.46', '184967.4', '89', '9942.6', '194910', 3),
(89, '2021-03-29', '11:04', '', '19833', '0', '19833', 2936, '84.46', '247974.56', '89', '13329.44', '261304', 3),
(90, '2021-03-30', '11:06', '', '16928', '0', '16928', 2220, '84.46', '187501.2', '89', '10078.8', '197580', 3),
(91, '2021-03-31', '10:56', '', '15440', '4500', '15440', 2657, '84.46', '224410.22', '89', '12062.78', '236473', 3),
(92, '2021-04-01', '11:10', '', '16496', '4500', '16496', 2944, '84.46', '248650.24', '89', '13365.76', '262016', 2),
(93, '2021-04-02', '11:11', '', '17924', '0', '17924', 1956, '84.46', '165203.76', '89', '8880.24', '174084', 2),
(94, '2021-04-03', '18:30', '', '16048', '0', '16048', 2543, '84.46', '214781.78', '89', '11545.22', '226327', 2),
(95, '2021-04-04', '15:47', '', '13424', '4500', '13424', 3096, '84.46', '261488.16', '89', '14055.84', '275544', 2),
(96, '2021-04-05', '10:41', '', '14836', '0', '14836', 1920, '84.46', '162163.2', '89', '8716.8', '170880', 2),
(97, '2021-04-06', '10:42', '', '12872', '9000', '12872', 2077, '84.46', '175423.42', '89', '9429.58', '184853', 2),
(98, '2021-04-07', '10:47', '', '19792', '0', '19792', 2047, '84.46', '172889.62', '89', '9293.38', '182183', 2),
(99, '2021-04-08', '11:12', '', '17680', '9000', '17680', 2088, '84.46', '176352.48', '89', '9479.52', '185832', 2),
(100, '2021-04-09', '11:13', '', '24513', '0', '24513', 1864, '84.46', '157433.44', '89', '8462.56', '165896', 2),
(101, '2021-04-10', '12:10', '', '22646', '0', '22646', 2178, '84.46', '183953.88', '89', '9888.12', '193842', 4),
(102, '2021-04-11', '10:40', '', '20496', '4500', '20496', 2637, '84.46', '222721.02', '89', '11971.98', '234693', 4),
(103, '2021-04-12', '10:06', '', '22299', '4500', '22299', 2747, '84.46', '232011.62', '89', '12471.38', '244483', 4),
(104, '2021-04-13', '12:00', '', '24016', '4500', '24016', 3424, '84.46', '289191.04', '89', '15544.96', '304736', 4),
(105, '2021-04-14', '12:00', '', '25062', '0', '25062', 930, '84.46', '78547.8', '89', '4222.2', '82770', 4),
(106, '2021-04-15', '11:29', '', '24095', '4500', '24095', 1220, '84.46', '103041.2', '89', '5538.8', '108580', 3),
(107, '2021-04-16', '11:34', '', '27310', '0', '27310', 1076, '84.46', '90878.96', '89', '4885.04', '95764', 3),
(108, '2021-04-17', '11:29', '', '26028', '0', '26028', 1519, '84.46', '128294.74', '89', '6896.26', '135191', 3),
(109, '2021-04-18', '10:46', '', '24745', '0', '24745', 1274, '84.46', '107602.04', '89', '5783.96', '113386', 3),
(110, '2021-04-19', '10:52', '', '23453', '0', '23453', 1474, '84.46', '124494.04', '89', '6691.96', '131186', 3),
(111, '2021-04-20', '11:18', '', '21922', '0', '21922', 1671, '84.46', '141132.66', '89', '7586.34', '148719', 3),
(112, '2021-04-21', '10:37', '', '20288', '4500', '20288', 1741, '84.46', '147044.86', '89', '7904.14', '154949', 3),
(113, '2021-04-22', '11:01', '', '23989', '0', '23989', 1698, '84.46', '143413.08', '89', '7708.92', '151122', 2),
(114, '2021-04-23', '11:02', '', '21296', '0', '21296', 1578, '84.46', '133277.88', '89', '7164.12', '140442', 2),
(115, '2021-04-24', '10:31', '', '19704', '0', '19704', 1640, '84.46', '138514.4', '89', '7445.6', '145960', 2),
(116, '2021-04-25', '11:37', '', '18034', '4500', '18034', 2268, '84.46', '191555.28', '89', '10296.72', '201852', 2),
(117, '2021-04-26', '11:03', '', '20250', '0', '20250', 1968, '84.46', '166217.28', '89', '8934.72', '175152', 2),
(118, '2021-04-27', '10:57', '', '18288', '0', '18288', 1918, '84.46', '161994.28', '89', '8707.72', '170702', 2),
(119, '2021-04-28', '10:58', '', '16304', '0', '16304', 1986, '84.46', '167737.56', '89', '9016.44', '176754', 2),
(120, '2021-04-29', '10:55', '', '14335', '4500', '14335', 2005, '84.46', '169342.3', '89', '9102.7', '178445', 2),
(121, '2021-04-30', '10:55', '', '16781', '0', '16781', 1933, '84.46', '163261.18', '89', '8775.82', '172037', 2),
(122, '2021-05-01', '11:05', '', '14852', '0', '14852', 2170, '84.46', '183278.2', '89', '9851.8', '193130', 4),
(123, '2021-05-02', '11:06', '', '12672', '4500', '12672', 2302, '84.46', '194426.92', '89', '10451.08', '204878', 4),
(124, '2021-05-03', '10:41', '', '14850', '0', '14850', 2432, '84.46', '205406.72', '89', '11041.28', '216448', 4),
(125, '2021-05-04', '10:23', '', '12384', '9000', '12384', 2384, '84.46', '201352.64', '89', '10823.36', '212176', 4),
(126, '2021-05-05', '10:33', '', '18944', '0', '18944', 2562, '84.46', '216386.52', '89', '11631.48', '228018', 4),
(127, '2021-05-06', '10:43', '', '16368', '9000', '16368', 2850, '84.46', '240711', '89', '12939', '253650', 3),
(128, '2021-05-07', '10:45', '', '22397', '0', '22397', 2753, '84.46', '232518.38', '89', '12498.62', '245017', 3),
(129, '2021-05-08', '11:07', '', '20104', '0', '20104', 2822, '84.46', '238346.12', '89', '12811.88', '251158', 3),
(130, '2021-05-09', '12:56', '', '19144', '4500', '19144', 2996, '84.46', '253042.16', '89', '13601.84', '266644', 3),
(131, '2021-05-10', '11:45', '', '18847', '0', '18847', 2958, '84.46', '249832.68', '89', '13429.32', '263262', 3),
(132, '2021-05-11', '11:46', '', '15866', '9000', '15866', 3024, '84.46', '255407.04', '89', '13728.96', '269136', 3),
(133, '2021-05-12', '11:58', '', '21762', '4500', '21762', 3134, '84.46', '264697.64', '89', '14228.36', '278926', 3),
(134, '2021-05-13', '10:28', '', '23100', '0', '23100', 3520, '84.46', '297299.2', '89', '15980.8', '313280', 2),
(135, '2021-05-14', '10:30', '', '19628', '0', '19628', 2166, '84.46', '182940.36', '89', '9833.64', '192774', 2),
(136, '2021-05-15', '10:31', '', '17456', '0', '17456', 1595, '84.46', '134713.7', '89', '7241.3', '141955', 2),
(137, '2021-05-16', '10:32', '', '15860', '9000', '15860', 1940, '84.46', '163852.4', '89', '8807.6', '172660', 2),
(138, '2021-05-17', '10:34', '', '22105', '0', '22105', 1627, '84.46', '137416.42', '89', '7386.58', '144803', 2),
(139, '2021-05-18', '11:26', '', '21232', '0', '21232', 1615, '84.46', '136402.9', '89', '7332.1', '143735', 2),
(140, '2021-05-19', '11:27', '', '19613', '0', '19613', 2170, '84.46', '183278.2', '89', '9851.8', '193130', 2),
(141, '2021-05-20', '10:42', '', '19312', '4500', '19312', 2104, '84.46', '177703.84', '89', '9552.16', '187256', 4),
(142, '2021-05-21', '10:43', '', '19792', '0', '19792', 1838, '84.46', '155237.48', '89', '8344.52', '163582', 4),
(143, '2021-05-22', '10:08', '', '17896', '0', '17896', 2003, '84.46', '169173.38', '89', '9093.62', '178267', 4),
(144, '2021-05-23', '11:03', '', '15906', '9000', '15906', 2442, '84.46', '206251.32', '89', '11086.68', '217338', 4),
(146, '2021-05-24', '10:37', '', '22432', '0', '22432', 2122, '84.46', '179224.12', '89', '9633.88', '188858', 4),
(147, '2021-05-25', '10:35', '', '20289', '4500', '20289', 2390, '84.46', '201859.4', '89', '10850.6', '212710', 4),
(148, '2021-05-26', '10:33', '', '22327', '0', '22327', 2395, '84.46', '202281.7', '89', '10873.3', '213155', 4),
(149, '2021-05-27', '13:40', '', '19957', '4500', '19957', 2345, '84.46', '198058.7', '89', '10646.3', '208705', 3),
(150, '2021-05-28', '10:45', '', '21121', '0', '21121', 2013, '84.46', '170017.98', '89', '9139.02', '179157', 3),
(151, '2021-05-29', '11:05', '', '20063', '0', '20063', 2264, '84.46', '191217.44', '89', '10278.56', '201496', 3),
(152, '2021-05-30', '11:07', '', '17800', '4500', '17800', 2394, '84.46', '202197.24', '89', '10868.76', '213066', 3),
(153, '2021-05-31', '11:06', '', '19816', '9000', '19816', 2495, '84.46', '210727.7', '89', '11327.3', '222055', 3),
(154, '2021-06-01', '11:07', '', '26404', '0', '26404', 2388, '84.46', '201690.48', '89', '10841.52', '212532', 3),
(155, '2021-06-02', '10:51', '', '23852', '0', '23852', 2266, '84.46', '191386.36', '89', '10287.64', '201674', 3),
(156, '2021-06-03', '11:59', '', '20800', '4500', '20800', 2553, '84.46', '215626.38', '89', '11590.62', '227217', 2),
(157, '2021-06-04', '12:00', '', '22764', '0', '22764', 2520, '84.46', '212839.2', '89', '11440.8', '224280', 2),
(158, '2021-06-05', '13:22', '', '20176', '0', '20176', 2558, '84.46', '216048.68', '89', '11613.32', '227662', 2);

-- --------------------------------------------------------

--
-- Table structure for table `expense_details`
--

CREATE TABLE `expense_details` (
  `id` int(10) UNSIGNED NOT NULL,
  `reason` varchar(255) DEFAULT NULL,
  `amount` int(11) DEFAULT NULL,
  `date` date DEFAULT NULL,
  `time` varchar(255) DEFAULT NULL
) ENGINE=MyISAM DEFAULT CHARSET=latin1;

--
-- Dumping data for table `expense_details`
--

INSERT INTO `expense_details` (`id`, `reason`, `amount`, `date`, `time`) VALUES
(2, 'All', 432768, '2021-02-28', '18:41'),
(3, 'All', 879176, '2021-01-31', '18:55'),
(4, 'All', 431902, '2021-03-31', '11:01'),
(6, 'All', 446465, '2021-04-30', '11:17'),
(7, 'All', 543303, '2021-05-31', '13:22');

-- --------------------------------------------------------

--
-- Table structure for table `managerinfo`
--

CREATE TABLE `managerinfo` (
  `manager_id` int(11) NOT NULL,
  `manager_name` text NOT NULL,
  `phone_number` text NOT NULL,
  `shift` text NOT NULL
) ENGINE=MyISAM DEFAULT CHARSET=latin1;

--
-- Dumping data for table `managerinfo`
--

INSERT INTO `managerinfo` (`manager_id`, `manager_name`, `phone_number`, `shift`) VALUES
(1, 'All', 'Office', '12:01AM to 12:00PM'),
(3, 'Apple', '01746036970', ''),
(2, 'Liton', '0174343223', ''),
(4, 'Sohidul islam', '01905736846', '');

-- --------------------------------------------------------

--
-- Table structure for table `today_stock`
--

CREATE TABLE `today_stock` (
  `id` int(11) NOT NULL,
  `diesel_stock` varchar(11) DEFAULT '0',
  `octane_stock` varchar(11) DEFAULT '0',
  `mobil_stock` varchar(11) DEFAULT '0'
) ENGINE=MyISAM DEFAULT CHARSET=latin1;

--
-- Dumping data for table `today_stock`
--

INSERT INTO `today_stock` (`id`, `diesel_stock`, `octane_stock`, `mobil_stock`) VALUES
(1, '12460', '17624', '205');

-- --------------------------------------------------------

--
-- Table structure for table `user_info`
--

CREATE TABLE `user_info` (
  `id` int(10) NOT NULL,
  `email` varchar(255) DEFAULT NULL,
  `password` varchar(255) DEFAULT NULL,
  `name` varchar(255) DEFAULT NULL,
  `phone` varchar(255) DEFAULT NULL,
  `profile_pic` text DEFAULT NULL,
  `address` varchar(255) DEFAULT NULL
) ENGINE=MyISAM DEFAULT CHARSET=latin1;

--
-- Dumping data for table `user_info`
--

INSERT INTO `user_info` (`id`, `email`, `password`, `name`, `phone`, `profile_pic`, `address`) VALUES
(1, 'istiaqahmed121998@gmail.com', '2ed5b32158d4d1499e3452262fb581d9', 'Istiaq Ahmed', '+8801747588386', 'https://scontent.fdac2-1.fna.fbcdn.net/v/t1.0-9/129651321_3492972847450363_8818954010970583911_o.jpg?_nc_cat=102&ccb=2&_nc_sid=09cbfe&_nc_eui2=AeFRpXzV1JMYrLBl-9u9RX8_Al6U6iplfzYCXpTqKmV_NmhvFPficdStgLk5LJx88-xoCbyDEdl-xaStaKUWFKCe&_nc_ohc=tEi_dJlcqRUAX_Bir28&_nc_ht=scontent.fdac2-1.fna&oh=30ff4b18bf84f65ecbd1f9b50816c82e&oe=60377504', '75/1 Jafrabad Pulpar Pabna House Goli'),
(2, 'imrulislam064@gmail.com', '81dc9bdb52d04dc20036dbd8313ed055', 'Imrul Islam', '01982279320', 'https://scontent.fdac2-1.fna.fbcdn.net/v/t1.0-9/131391268_2824222281169533_464244975416408603_o.jpg?_nc_cat=111&ccb=2&_nc_sid=174925&_nc_eui2=AeH7_cZn-32Ga1AS_VwWTCPvwW25gArV2KPBbbmACtXYo9nrr9bTh8ZbOabgMgNbpor9zt_pD6CWP-WLEPznuFy1&_nc_ohc=wPh3zHPk5jAAX-W8-vw&_nc_ht=scontent.fdac2-1.fna&oh=d409f79203b1f0cefe84243f1835f453&oe=603686E3', '32/A/18 sadek filling station, rayer bazar, Mohammadpur Dhaka 1207'),
(3, 'fahimsadekkhan@gmail.com', 'b55fec81cd58ea87ee97a43cc6a9afcc', 'Fahim Sadek', '01720310163', 'https://www.sadekfillingstation.com/assets/img/team/team-2.webp', '32/a/18 rayerbazar beribadh');

--
-- Indexes for dumped tables
--

--
-- Indexes for table `add_diesel`
--
ALTER TABLE `add_diesel`
  ADD PRIMARY KEY (`id`),
  ADD UNIQUE KEY `add_diesel_id_uindex` (`id`),
  ADD KEY `add_diesel_manager_id_fk` (`manager`);

--
-- Indexes for table `add_mobil`
--
ALTER TABLE `add_mobil`
  ADD PRIMARY KEY (`id`),
  ADD UNIQUE KEY `add_mobil_id_uindex` (`id`),
  ADD KEY `add_mobil_manager_id_fk` (`manager`);

--
-- Indexes for table `add_octane`
--
ALTER TABLE `add_octane`
  ADD PRIMARY KEY (`id`),
  ADD UNIQUE KEY `add_octane_id_uindex` (`id`),
  ADD KEY `add_octane_manager_id_fk` (`manager`);

--
-- Indexes for table `expense_details`
--
ALTER TABLE `expense_details`
  ADD PRIMARY KEY (`id`);

--
-- Indexes for table `managerinfo`
--
ALTER TABLE `managerinfo`
  ADD PRIMARY KEY (`manager_id`);

--
-- Indexes for table `today_stock`
--
ALTER TABLE `today_stock`
  ADD PRIMARY KEY (`id`),
  ADD UNIQUE KEY `today_stock_id_uindex` (`id`);

--
-- Indexes for table `user_info`
--
ALTER TABLE `user_info`
  ADD PRIMARY KEY (`id`);

--
-- AUTO_INCREMENT for dumped tables
--

--
-- AUTO_INCREMENT for table `add_diesel`
--
ALTER TABLE `add_diesel`
  MODIFY `id` int(10) UNSIGNED NOT NULL AUTO_INCREMENT, AUTO_INCREMENT=163;

--
-- AUTO_INCREMENT for table `add_mobil`
--
ALTER TABLE `add_mobil`
  MODIFY `id` int(10) UNSIGNED NOT NULL AUTO_INCREMENT, AUTO_INCREMENT=6;

--
-- AUTO_INCREMENT for table `add_octane`
--
ALTER TABLE `add_octane`
  MODIFY `id` int(10) UNSIGNED NOT NULL AUTO_INCREMENT, AUTO_INCREMENT=159;

--
-- AUTO_INCREMENT for table `expense_details`
--
ALTER TABLE `expense_details`
  MODIFY `id` int(10) UNSIGNED NOT NULL AUTO_INCREMENT, AUTO_INCREMENT=8;

--
-- AUTO_INCREMENT for table `managerinfo`
--
ALTER TABLE `managerinfo`
  MODIFY `manager_id` int(11) NOT NULL AUTO_INCREMENT, AUTO_INCREMENT=6;

--
-- AUTO_INCREMENT for table `user_info`
--
ALTER TABLE `user_info`
  MODIFY `id` int(10) NOT NULL AUTO_INCREMENT, AUTO_INCREMENT=4;
COMMIT;

/*!40101 SET CHARACTER_SET_CLIENT=@OLD_CHARACTER_SET_CLIENT */;
/*!40101 SET CHARACTER_SET_RESULTS=@OLD_CHARACTER_SET_RESULTS */;
/*!40101 SET COLLATION_CONNECTION=@OLD_COLLATION_CONNECTION */;
